num,手法,学習,評価
1,lr,19.68222607,18.92886252
1,rf_n,6.882982616,17.60622178
1,rf_g,7.297192855,16.86530203
1,svr_n,20.64940191,16.44283791
2,lr,12.617903065388374,13.093659560664848
2,rf_n,5.8029484302267385,13.333323884405253
2,rf_g,6.234496182718356,13.132227997806767
2,svr_n,5.590236721634007,16.037884612014054
